feature,bucket,bucket_label,n,feature_min,feature_max,feature_median,avg_gold_return_next_1m,avg_gold_return_next_3m,median_gold_return_next_3m,avg_gold_max_drawdown_next_3m,good_entry_rate_3m,bad_entry_rate_3m
gold_futures_return_1m,1,lowest,1115,-0.208081,-0.027564,-0.047116,0.01527,0.026799,0.020769,-0.04561,0.344292,0.236771
gold_futures_return_1m,2,q2,1116,-0.027544,-0.003264,-0.014483,0.008184,0.032498,0.02931,-0.041592,0.40414,0.233184
gold_futures_return_1m,3,q3,1116,-0.00325,0.020538,0.007564,0.010181,0.038426,0.033988,-0.041203,0.41779,0.200717
gold_futures_return_1m,4,q4,1116,0.020559,0.049831,0.033797,0.015405,0.038458,0.033842,-0.03698,0.408311,0.153226
gold_futures_return_1m,5,highest,1116,0.049855,0.229659,0.070485,0.003532,0.023874,0.018924,-0.055338,0.354128,0.302867
gold_futures_return_3m,1,lowest,1107,-0.240406,-0.036834,-0.065397,0.00816,0.018266,0.019132,-0.052879,0.317977,0.2972
gold_futures_return_3m,2,q2,1107,-0.036829,0.006948,-0.015109,0.008493,0.031248,0.030878,-0.043485,0.388587,0.258356
gold_futures_return_3m,3,q3,1108,0.006957,0.04726,0.027855,0.013991,0.038795,0.036792,-0.036463,0.43699,0.165162
gold_futures_return_3m,4,q4,1107,0.04729,0.095397,0.068841,0.0132,0.030775,0.025574,-0.038548,0.401647,0.146474
gold_futures_return_3m,5,highest,1108,0.095492,0.371826,0.140235,0.009133,0.044577,0.032585,-0.048105,0.400187,0.247292
gold_drawdown_from_252d_high,1,lowest,1120,-0.324787,-0.122395,-0.159151,0.018201,0.032101,0.029921,-0.045054,0.387534,0.230357
gold_drawdown_from_252d_high,2,q2,1120,-0.122357,-0.080299,-0.100605,-0.000127,0.000551,0.002044,-0.054392,0.219512,0.354781
gold_drawdown_from_252d_high,3,q3,1120,-0.080263,-0.046934,-0.061857,0.003008,0.02818,0.023373,-0.045639,0.35443,0.229464
gold_drawdown_from_252d_high,4,q4,1120,-0.04693,-0.018871,-0.033182,0.010411,0.048268,0.034079,-0.037105,0.444545,0.153571
gold_drawdown_from_252d_high,5,highest,1120,-0.018864,0,-0.004445,0.020317,0.049936,0.052365,-0.038746,0.516245,0.160714
dxy_return_1m,1,lowest,1115,-0.091003,-0.016236,-0.02546,0.00933,0.031535,0.028197,-0.043616,0.3835,0.218133
dxy_return_1m,2,q2,1116,-0.016224,-0.00473,-0.010252,0.013109,0.029173,0.026369,-0.042747,0.398728,0.233871
dxy_return_1m,3,q3,1116,-0.004716,0.005558,0.000429,0.011154,0.031474,0.026218,-0.043525,0.382883,0.218638
dxy_return_1m,4,q4,1116,0.005569,0.017584,0.011095,0.009568,0.035791,0.033777,-0.043633,0.405823,0.216846
dxy_return_1m,5,highest,1116,0.017605,0.129695,0.027892,0.009316,0.032314,0.024585,-0.047203,0.359021,0.239247
dxy_return_3m,1,lowest,1107,-0.118209,-0.029179,-0.046411,0.008059,0.031496,0.026425,-0.040747,0.387884,0.194219
dxy_return_3m,2,q2,1107,-0.029179,-0.007342,-0.016329,0.012366,0.038575,0.026047,-0.042747,0.404828,0.221519
dxy_return_3m,3,q3,1108,-0.007309,0.008758,0.000839,0.013454,0.026927,0.025312,-0.04433,0.367216,0.205776
dxy_return_3m,4,q4,1107,0.008769,0.031221,0.018058,0.011748,0.031722,0.032511,-0.042528,0.377635,0.226739
dxy_return_3m,5,highest,1108,0.031288,0.189814,0.052294,0.007342,0.034582,0.030594,-0.049124,0.40704,0.266245
dfii10_value,1,lowest,1120,-1.19,0.11,-0.61,-0.004051,-0.010343,-0.020765,-0.063746,0.21875,0.392857
dfii10_value,2,q2,1120,0.11,0.57,0.4,0.002973,0.005342,0.007665,-0.04532,0.21875,0.269643
dfii10_value,3,q3,1120,0.57,1.43,0.85,0.008615,0.030915,0.031499,-0.038056,0.396429,0.170536
dfii10_value,4,q4,1120,1.43,1.91,1.71,0.020832,0.055718,0.051551,-0.039819,0.50369,0.16875
dfii10_value,5,highest,1120,1.91,3.15,2.16,0.023684,0.079369,0.069048,-0.033977,0.593779,0.126899
tnx_return_1m,1,lowest,1115,-0.696472,-0.061103,-0.10012,0.01464,0.039728,0.033297,-0.042501,0.411131,0.202691
tnx_return_1m,2,q2,1116,-0.061046,-0.020197,-0.038618,0.010247,0.038776,0.03388,-0.04331,0.434664,0.230287
tnx_return_1m,3,q3,1116,-0.020136,0.018647,-0.001491,0.010804,0.033533,0.031267,-0.042088,0.405086,0.192825
tnx_return_1m,4,q4,1116,0.018917,0.072474,0.041803,0.013866,0.032912,0.028592,-0.043465,0.387511,0.219534
tnx_return_1m,5,highest,1116,0.072491,0.47495,0.122691,0.002925,0.015374,0.015402,-0.049357,0.291892,0.281362
t10yie_value,1,lowest,1120,0.04,1.79,1.58,0.014987,0.041194,0.040403,-0.041158,0.449107,0.194643
t10yie_value,2,q2,1120,1.79,2.13,1.96,0.003038,0.015696,0.016017,-0.043073,0.2625,0.235714
t10yie_value,3,q3,1120,2.13,2.29,2.23,0.010116,0.034363,0.025212,-0.043748,0.412455,0.230357
t10yie_value,4,q4,1120,2.29,2.4,2.34,0.020943,0.055887,0.049745,-0.034515,0.494393,0.142091
t10yie_value,5,highest,1120,2.4,3.02,2.51,0.002925,0.013031,0.00673,-0.058424,0.309205,0.325893
vix_percentile_1y,1,lowest,1069,0.003968,0.119048,0.043651,0.010007,0.024517,0.029805,-0.040902,0.372311,0.171188
vix_percentile_1y,2,q2,1070,0.119048,0.325397,0.214286,0.01352,0.030805,0.03572,-0.042885,0.411268,0.215888
vix_percentile_1y,3,q3,1070,0.325397,0.571429,0.448413,0.010393,0.036272,0.031877,-0.04122,0.405456,0.209542
vix_percentile_1y,4,q4,1070,0.571429,0.801587,0.690476,0.007273,0.030436,0.018795,-0.047517,0.358238,0.26729
vix_percentile_1y,5,highest,1070,0.801587,1,0.920635,0.012398,0.041797,0.028908,-0.049212,0.402871,0.271028
sp500_return_1m,1,lowest,1115,-0.329668,-0.021363,-0.045367,0.015742,0.039116,0.032699,-0.048752,0.410747,0.249327
sp500_return_1m,2,q2,1116,-0.02135,0.005329,-0.005313,0.005446,0.02563,0.014636,-0.048484,0.349221,0.268817
sp500_return_1m,3,q3,1116,0.005374,0.02144,0.013326,0.011268,0.031716,0.031176,-0.042637,0.38,0.209677
sp500_return_1m,4,q4,1116,0.021455,0.038068,0.029617,0.010164,0.030043,0.032511,-0.0424,0.407175,0.208781
sp500_return_1m,5,highest,1116,0.038077,0.251144,0.051943,0.009915,0.033739,0.028115,-0.03845,0.382194,0.190135
nasdaq_return_1m,1,lowest,1115,-0.310277,-0.029127,-0.057053,0.015656,0.043032,0.035678,-0.047472,0.426606,0.227803
nasdaq_return_1m,2,q2,1116,-0.029077,0.005469,-0.009161,0.006954,0.026476,0.020164,-0.047687,0.348263,0.265233
nasdaq_return_1m,3,q3,1116,0.005509,0.027448,0.01657,0.010376,0.027411,0.028496,-0.044941,0.366516,0.223118
nasdaq_return_1m,4,q4,1116,0.027476,0.05048,0.038732,0.0094,0.03147,0.029387,-0.041303,0.405381,0.206093
nasdaq_return_1m,5,highest,1116,0.050481,0.247986,0.067662,0.010151,0.031985,0.028115,-0.039319,0.383094,0.204484
silver_futures_return_1m,1,lowest,1115,-0.352766,-0.056926,-0.091846,0.014067,0.031246,0.026834,-0.046653,0.37477,0.238565
silver_futures_return_1m,2,q2,1116,-0.056923,-0.012781,-0.032974,0.008936,0.033965,0.028602,-0.04162,0.376799,0.198029
silver_futures_return_1m,3,q3,1116,-0.012772,0.030345,0.006982,0.011453,0.039419,0.038285,-0.040403,0.435921,0.201613
silver_futures_return_1m,4,q4,1116,0.030382,0.082888,0.05559,0.007601,0.031194,0.02499,-0.043955,0.385032,0.232287
silver_futures_return_1m,5,highest,1116,0.083039,0.632688,0.129516,0.010483,0.024379,0.022266,-0.048096,0.356948,0.256272
copper_futures_return_1m,1,lowest,1115,-0.467493,-0.044951,-0.077783,0.01391,0.039611,0.028207,-0.048042,0.420145,0.238565
copper_futures_return_1m,2,q2,1116,-0.044903,-0.007577,-0.024629,0.005365,0.021622,0.023904,-0.04629,0.35059,0.241935
copper_futures_return_1m,3,q3,1116,-0.007535,0.023481,0.007538,0.006873,0.028791,0.026602,-0.043252,0.373406,0.231183
copper_futures_return_1m,4,q4,1116,0.023551,0.06484,0.041899,0.010862,0.033944,0.030588,-0.040236,0.400181,0.207885
copper_futures_return_1m,5,highest,1116,0.064867,0.465746,0.098443,0.01549,0.036254,0.03146,-0.042906,0.385379,0.207175
wti_crude_oil_return_1m,1,lowest,1115,-2.49207,-0.070956,-0.114934,0.015459,0.048625,0.044695,-0.042049,0.463612,0.210952
wti_crude_oil_return_1m,2,q2,1116,-0.070829,-0.013951,-0.040933,0.008265,0.032903,0.019204,-0.044551,0.372531,0.238351
wti_crude_oil_return_1m,3,q3,1116,-0.01395,0.035672,0.010518,0.009792,0.027107,0.020197,-0.043315,0.344424,0.21147
wti_crude_oil_return_1m,4,q4,1116,0.035689,0.088728,0.059633,0.010262,0.024251,0.026769,-0.045269,0.367847,0.223118
wti_crude_oil_return_1m,5,highest,1116,0.088782,2.345654,0.128267,0.00869,0.027135,0.026139,-0.045536,0.381041,0.242832
fedfunds_value,1,lowest,1120,0.05,0.11,0.09,0.003395,0.008105,0.003607,-0.051642,0.244643,0.326786
fedfunds_value,2,q2,1120,0.11,0.21,0.15,0.00651,0.016181,0.014103,-0.050237,0.347321,0.270536
fedfunds_value,3,q3,1120,0.21,1.82,1,0.005942,0.018843,0.019238,-0.047066,0.326786,0.258036
fedfunds_value,4,q4,1120,1.82,4.33,2.56,0.015151,0.047877,0.045722,-0.039981,0.456954,0.177837
fedfunds_value,5,highest,1120,4.33,5.33,5.13,0.020903,0.068983,0.061096,-0.031997,0.550893,0.095536
rrpontsyd_value,1,lowest,1119,0,0.99,0.225,0.009039,0.0335,0.032348,-0.043752,0.415668,0.239714
rrpontsyd_value,2,q2,1120,0.99,2.25,2.2165,0.013082,0.0412,0.032918,-0.044537,0.4375,0.201786
rrpontsyd_value,3,q3,1120,2.25,25,4.645,0.010092,0.029478,0.028817,-0.056479,0.3785,0.325
rrpontsyd_value,4,q4,1120,25,173.605,97.4005,0.009189,0.020435,0.014611,-0.041113,0.3,0.225893
rrpontsyd_value,5,highest,1120,173.641,2553.716,1054.22,0.010455,0.034681,0.031329,-0.035019,0.392857,0.135714
central_bank_gold_reserves_top15_change_3m,1,lowest,1107,-194.341557,-31.028177,-69.16994,0.015347,0.042543,0.040517,-0.04535,0.444444,0.206865
central_bank_gold_reserves_top15_change_3m,2,q2,1107,-31.028177,27.033989,3.469421,0.012835,0.04842,0.030349,-0.046704,0.445402,0.240506
central_bank_gold_reserves_top15_change_3m,3,q3,1108,27.033989,58.882833,43.919941,0.00255,0.015097,0.014993,-0.048053,0.308664,0.288809
central_bank_gold_reserves_top15_change_3m,4,q4,1107,58.882833,98.072523,72.256851,0.013214,0.024846,0.01795,-0.038158,0.32701,0.190605
central_bank_gold_reserves_top15_change_3m,5,highest,1108,98.072523,731.506998,133.708641,0.009043,0.033242,0.040681,-0.041219,0.422383,0.187726
days_to_next_fomc,1,lowest,1120,0,13,6,0.009928,0.038761,0.032144,-0.044323,0.402361,0.243074
days_to_next_fomc,2,q2,1120,13,28,20,0.003756,0.034652,0.021237,-0.045673,0.352138,0.24375
days_to_next_fomc,3,q3,1120,28,43,35,0.009893,0.030954,0.021813,-0.0438,0.367847,0.217857
days_to_next_fomc,4,q4,1120,43,65,55,0.011927,0.025911,0.028185,-0.044069,0.370968,0.2125
days_to_next_fomc,5,highest,1120,65,110,78,0.016243,0.028943,0.033561,-0.043063,0.428571,0.211607
days_since_last_fomc,1,lowest,1118,0,13,6,0.019458,0.037358,0.035348,-0.038761,0.432482,0.186047
days_since_last_fomc,2,q2,1118,13,28,20,0.014249,0.036024,0.034359,-0.040074,0.41042,0.194991
days_since_last_fomc,3,q3,1119,28,43,35,0.007601,0.036017,0.034172,-0.044465,0.414105,0.216458
days_since_last_fomc,4,q4,1118,43,67,55,0.007171,0.0306,0.021576,-0.045448,0.370736,0.208408
days_since_last_fomc,5,highest,1119,67,110,78,0.003815,0.019754,0.009142,-0.051957,0.299374,0.319035
sp500_return_3m,1,lowest,1107,-0.417706,-0.025064,-0.067998,0.012745,0.030904,0.026856,-0.053837,0.376719,0.314363
sp500_return_3m,2,q2,1107,-0.025006,0.020008,0.000712,0.009772,0.032963,0.027223,-0.041981,0.362709,0.227642
sp500_return_3m,3,q3,1108,0.020011,0.045972,0.033327,0.013803,0.026387,0.020377,-0.039716,0.345837,0.175248
sp500_return_3m,4,q4,1107,0.046024,0.075555,0.059439,0.00651,0.028467,0.02697,-0.042356,0.365942,0.189702
sp500_return_3m,5,highest,1108,0.075583,0.393519,0.098409,0.010129,0.044395,0.047487,-0.041595,0.491877,0.207581
nasdaq_return_3m,1,lowest,1107,-0.454957,-0.037843,-0.08167,0.012208,0.028477,0.02499,-0.050608,0.368905,0.285456
nasdaq_return_3m,2,q2,1107,-0.037689,0.024668,0.000579,0.011386,0.034041,0.026908,-0.042718,0.353545,0.222222
nasdaq_return_3m,3,q3,1108,0.024858,0.058921,0.040892,0.013386,0.030186,0.030789,-0.041109,0.380909,0.183379
nasdaq_return_3m,4,q4,1107,0.058927,0.096481,0.076263,0.006001,0.02549,0.023419,-0.044317,0.35682,0.222222
nasdaq_return_3m,5,highest,1108,0.096532,0.465816,0.132205,0.009983,0.044984,0.045503,-0.040733,0.482852,0.201264
vix_return_1m,1,lowest,1115,-0.570419,-0.160494,-0.229839,0.007679,0.024142,0.023028,-0.042185,0.32701,0.225314
vix_return_1m,2,q2,1116,-0.16046,-0.063101,-0.109041,0.013513,0.031582,0.031463,-0.03938,0.394619,0.206093
vix_return_1m,3,q3,1116,-0.062986,0.02963,-0.017799,0.009743,0.030218,0.029963,-0.044321,0.417266,0.218638
vix_return_1m,4,q4,1116,0.029674,0.177267,0.087856,0.010349,0.03685,0.02615,-0.045041,0.400545,0.221326
vix_return_1m,5,highest,1116,0.177621,4.843817,0.319021,0.011186,0.037652,0.027936,-0.049793,0.390379,0.255376
vix_return_3m,1,lowest,1107,-0.695395,-0.215686,-0.296463,0.007272,0.030003,0.033671,-0.043731,0.425204,0.245709
vix_return_3m,2,q2,1107,-0.215677,-0.094153,-0.153946,0.011121,0.031407,0.029879,-0.042705,0.392922,0.217706
vix_return_3m,3,q3,1108,-0.09375,0.027417,-0.038009,0.010272,0.031705,0.026777,-0.042865,0.368852,0.194043
vix_return_3m,4,q4,1107,0.02743,0.234844,0.11676,0.010997,0.029726,0.022899,-0.04356,0.367216,0.216094
vix_return_3m,5,highest,1108,0.23521,5.297364,0.506067,0.013315,0.04053,0.029246,-0.046619,0.390176,0.240975
wti_crude_oil_return_3m,1,lowest,1107,-2.084507,-0.101753,-0.182458,0.018914,0.048448,0.043804,-0.039126,0.459801,0.180668
wti_crude_oil_return_3m,2,q2,1107,-0.101708,-0.007013,-0.057318,0.011257,0.036423,0.031886,-0.04109,0.406872,0.188799
wti_crude_oil_return_3m,3,q3,1108,-0.006743,0.066055,0.029091,0.007184,0.028165,0.019236,-0.045099,0.363139,0.244585
wti_crude_oil_return_3m,4,q4,1107,0.066117,0.1628,0.110532,0.00874,0.024166,0.019352,-0.048536,0.332722,0.259259
wti_crude_oil_return_3m,5,highest,1108,0.162824,3.191808,0.233844,0.006776,0.025662,0.026837,-0.04563,0.380819,0.241192
silver_futures_return_3m,1,lowest,1107,-0.495466,-0.082768,-0.136778,0.012869,0.025178,0.02413,-0.052374,0.329412,0.301989
silver_futures_return_3m,2,q2,1107,-0.08268,-0.009818,-0.042428,0.018396,0.040565,0.032348,-0.033965,0.432088,0.145438
silver_futures_return_3m,3,q3,1108,-0.009811,0.058012,0.022624,0.006008,0.027665,0.028772,-0.042708,0.385313,0.215704
silver_futures_return_3m,4,q4,1107,0.05802,0.148943,0.092719,0.004562,0.027008,0.022059,-0.043777,0.37534,0.218609
silver_futures_return_3m,5,highest,1108,0.148985,1.429256,0.237682,0.011137,0.043231,0.035747,-0.046665,0.424015,0.232852
copper_futures_return_3m,1,lowest,1107,-0.603402,-0.072907,-0.121059,0.012973,0.044406,0.037116,-0.045872,0.423668,0.225836
copper_futures_return_3m,2,q2,1107,-0.072904,-0.010491,-0.04018,0.005893,0.023305,0.01874,-0.048888,0.324251,0.247516
copper_futures_return_3m,3,q3,1108,-0.010489,0.046641,0.016516,0.011442,0.02517,0.024093,-0.040905,0.381868,0.220416
copper_futures_return_3m,4,q4,1107,0.04665,0.133621,0.082237,0.010793,0.029563,0.02731,-0.039498,0.394881,0.185185
copper_futures_return_3m,5,highest,1108,0.133707,0.87573,0.200904,0.01182,0.040802,0.034944,-0.044319,0.42037,0.23556
tnx_return_3m,1,lowest,1107,-0.722315,-0.111156,-0.170422,0.016322,0.042258,0.041907,-0.038955,0.445348,0.176152
tnx_return_3m,2,q2,1107,-0.111145,-0.032927,-0.068409,0.012019,0.040545,0.026981,-0.044192,0.392954,0.231256
tnx_return_3m,3,q3,1108,-0.032919,0.031815,0.000454,0.01019,0.034834,0.020772,-0.041751,0.368127,0.204155
tnx_return_3m,4,q4,1107,0.031891,0.127252,0.07121,0.009051,0.030918,0.036792,-0.045362,0.418906,0.224029
tnx_return_3m,5,highest,1108,0.127392,0.882609,0.243598,0.005337,0.01472,0.020202,-0.049218,0.319495,0.278881
gld_return_1m,1,lowest,1071,-0.213723,-0.027487,-0.04753,0.015243,0.027213,0.020936,-0.045771,0.343482,0.239963
gld_return_1m,2,q2,1072,-0.027485,-0.003529,-0.014681,0.007758,0.032201,0.027487,-0.042412,0.401125,0.242537
gld_return_1m,3,q3,1071,-0.003481,0.019838,0.006841,0.009066,0.03844,0.035022,-0.042149,0.414634,0.206542
gld_return_1m,4,q4,1072,0.019843,0.049751,0.033276,0.015504,0.038134,0.035332,-0.037789,0.420806,0.159515
gld_return_1m,5,highest,1072,0.049774,0.244104,0.072501,0.005729,0.026963,0.021568,-0.053736,0.3659,0.286381
gld_return_3m,1,lowest,1063,-0.249336,-0.038361,-0.066829,0.007789,0.017487,0.017277,-0.053903,0.312324,0.305738
gld_return_3m,2,q2,1063,-0.03836,0.006324,-0.015504,0.008629,0.032674,0.032885,-0.044151,0.408106,0.268109
gld_return_3m,3,q3,1063,0.006398,0.046989,0.026705,0.013067,0.036538,0.034265,-0.037952,0.420455,0.174036
gld_return_3m,4,q4,1063,0.047001,0.096688,0.068737,0.014564,0.032822,0.029854,-0.038578,0.416746,0.151601
gld_return_3m,5,highest,1064,0.096736,0.360942,0.141739,0.00929,0.045363,0.034445,-0.047896,0.406067,0.242481
iau_return_1m,1,lowest,1062,-0.215529,-0.027261,-0.047377,0.015632,0.028065,0.021745,-0.045879,0.352207,0.242938
iau_return_1m,2,q2,1062,-0.027227,-0.003328,-0.014363,0.007219,0.031979,0.029421,-0.042804,0.405866,0.243879
iau_return_1m,3,q3,1063,-0.003309,0.020154,0.007199,0.009209,0.038645,0.034898,-0.042354,0.412488,0.211864
iau_return_1m,4,q4,1062,0.020239,0.050268,0.033967,0.016037,0.039133,0.035756,-0.037489,0.427221,0.156309
iau_return_1m,5,highest,1063,0.05027,0.244578,0.072767,0.005406,0.026633,0.021573,-0.053957,0.365217,0.287865
iau_return_3m,1,lowest,1054,-0.249356,-0.038143,-0.066496,0.007818,0.017208,0.017615,-0.054426,0.314042,0.309298
iau_return_3m,2,q2,1054,-0.038125,0.007252,-0.01502,0.009329,0.03397,0.034898,-0.044058,0.416746,0.274194
iau_return_3m,3,q3,1054,0.007306,0.048424,0.027892,0.013677,0.037751,0.035465,-0.037604,0.428435,0.172676
iau_return_3m,4,q4,1054,0.048459,0.097843,0.069674,0.014528,0.03303,0.029921,-0.038474,0.418828,0.150997
iau_return_3m,5,highest,1054,0.097855,0.361711,0.142769,0.009138,0.044871,0.033645,-0.048142,0.402764,0.244782
gdpc1_value,1,lowest,1120,15248.68,16582.71,16283.7035,0.016076,0.0528,0.046893,-0.040779,0.475893,0.188393
gdpc1_value,2,q2,1120,16582.71,17489.852,16920.632,0.013518,0.033785,0.028604,-0.049862,0.402679,0.263393
gdpc1_value,3,q3,1120,17489.852,19398.343,18666.621,-0.003246,-0.006744,-0.012586,-0.061559,0.24375,0.392857
gdpc1_value,4,q4,1120,19398.343,21932.71,20558.879,0.006662,0.017481,0.0185,-0.035977,0.276786,0.155357
gdpc1_value,5,highest,1120,21932.71,24055.749,23082.119,0.018963,0.06355,0.057941,-0.03274,0.531693,0.128686
cpiaucsl_value,1,lowest,1120,186.3,212.705,200.7,0.019047,0.052698,0.045345,-0.037697,0.466071,0.158036
cpiaucsl_value,2,q2,1120,212.705,231.638,219.016,0.010587,0.0337,0.032018,-0.053104,0.4125,0.299107
cpiaucsl_value,3,q3,1120,231.638,244.163,237.43,-0.004415,-0.011309,-0.012586,-0.062183,0.204464,0.3875
cpiaucsl_value,4,q4,1120,244.163,278.919,255.802,0.007591,0.021477,0.020155,-0.03509,0.301786,0.155357
cpiaucsl_value,5,highest,1120,278.919,330.293,309.698,0.019166,0.06435,0.059459,-0.032844,0.546831,0.128686
pcepi_value,1,lowest,1120,78.909,88.295,84.135,0.018871,0.054131,0.046417,-0.036784,0.473214,0.150893
pcepi_value,2,q2,1120,88.295,95.174,90.592,0.010764,0.032267,0.030369,-0.054016,0.405357,0.30625
pcepi_value,3,q3,1120,95.174,99.725,97.384,-0.004299,-0.012159,-0.014235,-0.062129,0.2,0.3875
pcepi_value,4,q4,1120,99.725,111.5,103.67,0.007475,0.022326,0.022483,-0.035144,0.30625,0.155357
pcepi_value,5,highest,1120,111.5,129.449,122.23,0.019166,0.06435,0.059459,-0.032844,0.546831,0.128686
payems_value,1,lowest,1120,129706,133509,131412,0.013433,0.042573,0.034949,-0.037777,0.421429,0.171429
payems_value,2,q2,1120,133509,137671,135733,0.005148,0.020449,0.022664,-0.064812,0.394643,0.367857
payems_value,3,q3,1120,137671,144147,139798,0.007949,0.016087,-0.001409,-0.049723,0.289286,0.308036
payems_value,4,q4,1120,144147,151365,148054,0.006165,0.01258,0.013837,-0.035615,0.253571,0.154464
payems_value,5,highest,1120,151460,158637,157032,0.019283,0.069518,0.065201,-0.03299,0.574267,0.126899
m2sl_value,1,lowest,1120,6082.1,7743.9,6806.9,0.016898,0.04644,0.039608,-0.041095,0.441964,0.191964
m2sl_value,2,q2,1120,7743.9,10484.1,8718.7,0.012695,0.040145,0.035872,-0.049546,0.436607,0.259821
m2sl_value,3,q3,1120,10484.1,13568.9,11920.5,-0.004259,-0.0126,-0.014772,-0.062339,0.2,0.392857
m2sl_value,4,q4,1120,13568.9,20761.4,14974.4,0.008355,0.024298,0.02608,-0.035106,0.323214,0.155357
m2sl_value,5,highest,1120,20761.4,22667.3,21461.7,0.018271,0.062531,0.056702,-0.032831,0.528855,0.128686
t10y2y_value,1,lowest,1120,-1.08,0.16,-0.13,0.014543,0.045714,0.044115,-0.035401,0.454464,0.126786
t10y2y_value,2,q2,1120,0.16,0.57,0.32,0.020067,0.067541,0.064408,-0.030286,0.576147,0.137623
t10y2y_value,3,q3,1120,0.57,1.3,0.93,0.010041,0.02596,0.020048,-0.041352,0.322907,0.180357
t10y2y_value,4,q4,1120,1.3,1.92,1.56,-0.005146,-0.016809,-0.023027,-0.071524,0.170536,0.465179
t10y2y_value,5,highest,1120,1.92,2.91,2.39,0.012488,0.037464,0.030662,-0.042352,0.401786,0.21875
central_bank_gold_reserves_top15_tonnes,1,lowest,1120,21383.388863,22121.603795,21799.222848,0.020629,0.058546,0.054484,-0.050167,0.524107,0.258036
central_bank_gold_reserves_top15_tonnes,2,q2,1120,22121.603795,22709.460406,22328.098487,0.009256,0.027713,0.02344,-0.040631,0.354464,0.197321
central_bank_gold_reserves_top15_tonnes,3,q3,1120,22709.460406,24608.827818,23355.55774,-0.004551,-0.012274,-0.014235,-0.062184,0.2,0.389286
central_bank_gold_reserves_top15_tonnes,4,q4,1120,24608.827818,25947.980945,25476.142876,0.008068,0.022119,0.022901,-0.035769,0.323214,0.164286
central_bank_gold_reserves_top15_tonnes,5,highest,1120,25947.980945,26878.769834,26542.396821,0.018563,0.06484,0.056375,-0.032167,0.528855,0.11975
dfii10_value_change_1m,1,lowest,1115,-1.12,-0.16,-0.24,0.01187,0.033998,0.027124,-0.043112,0.38759,0.223318
dfii10_value_change_1m,2,q2,1116,-0.16,-0.06,-0.1,0.011315,0.032168,0.026446,-0.042514,0.393829,0.221326
dfii10_value_change_1m,3,q3,1116,-0.06,0.03,-0.01,0.010413,0.030706,0.028452,-0.044798,0.381603,0.235663
dfii10_value_change_1m,4,q4,1116,0.03,0.15,0.09,0.010431,0.028453,0.024338,-0.044014,0.35604,0.216143
dfii10_value_change_1m,5,highest,1116,0.15,1.35,0.26,0.008433,0.034922,0.034528,-0.046286,0.410698,0.230287
dfii10_value_change_3m,1,lowest,1107,-1.42,-0.27,-0.41,0.017575,0.046727,0.048106,-0.037646,0.491418,0.181572
dfii10_value_change_3m,2,q2,1107,-0.27,-0.1,-0.18,0.008155,0.026211,0.01303,-0.043893,0.320687,0.222222
dfii10_value_change_3m,3,q3,1108,-0.1,0.05,-0.02,0.002447,0.027675,0.016779,-0.04646,0.328052,0.240975
dfii10_value_change_3m,4,q4,1107,0.05,0.25,0.14,0.011372,0.025081,0.027881,-0.046335,0.371296,0.24774
dfii10_value_change_3m,5,highest,1108,0.25,1.58,0.43,0.013352,0.037203,0.038474,-0.045147,0.430894,0.222022
fedfunds_value_change_1m,1,lowest,1115,-1.33,-0.01,-0.11,0.023578,0.067644,0.060711,-0.041187,0.555254,0.203587
fedfunds_value_change_1m,2,q2,1116,-0.01,0,0,0.001058,0.011987,0.005312,-0.051702,0.272401,0.28405
fedfunds_value_change_1m,3,q3,1116,0,0.01,0,0.007482,0.041929,0.042792,-0.045086,0.471805,0.204484
fedfunds_value_change_1m,4,q4,1116,0.01,0.08,0.01,0.008605,0.006219,0.003335,-0.044333,0.237455,0.266129
fedfunds_value_change_1m,5,highest,1116,0.09,1.12,0.17,0.011718,0.033337,0.02946,-0.038414,0.398746,0.168459
fedfunds_value_change_3m,1,lowest,1107,-1.96,-0.04,-0.45,0.024865,0.076006,0.074649,-0.045928,0.601518,0.225836
fedfunds_value_change_3m,2,q2,1107,-0.04,0,-0.01,0.00549,0.01557,0.018676,-0.050028,0.323397,0.278229
fedfunds_value_change_3m,3,q3,1108,0,0.02,0,0.008575,0.035704,0.030595,-0.040048,0.397996,0.203252
fedfunds_value_change_3m,4,q4,1107,0.02,0.25,0.06,0.00466,0.007348,0.006003,-0.043025,0.258356,0.202349
fedfunds_value_change_3m,5,highest,1108,0.25,2,0.5,0.009473,0.030709,0.023894,-0.040457,0.373646,0.204874
tnx_close_change_1m,1,lowest,1115,-1.494,-0.187,-0.291,0.016296,0.050482,0.043804,-0.041782,0.461677,0.205381
tnx_close_change_1m,2,q2,1116,-0.187,-0.061,-0.114,0.009223,0.032217,0.026123,-0.043201,0.40308,0.217742
tnx_close_change_1m,3,q3,1116,-0.061,0.052,-0.004,0.008486,0.025285,0.023641,-0.043926,0.372177,0.211659
tnx_close_change_1m,4,q4,1116,0.052,0.191,0.115,0.009691,0.019678,0.015656,-0.04692,0.321134,0.256272
tnx_close_change_1m,5,highest,1116,0.191,0.929,0.309,0.008766,0.032424,0.028408,-0.044893,0.370807,0.235663
tnx_close_change_3m,1,lowest,1107,-1.81,-0.333,-0.522,0.022277,0.061958,0.058544,-0.034429,0.552846,0.138211
tnx_close_change_3m,2,q2,1107,-0.333,-0.094,-0.207,0.007255,0.027776,0.011865,-0.047359,0.31736,0.256549
tnx_close_change_3m,3,q3,1108,-0.094,0.1,0.002,0.007892,0.022853,0.012162,-0.044921,0.322849,0.234869
tnx_close_change_3m,4,q4,1107,0.1,0.325,0.2,0.006891,0.024123,0.027901,-0.047529,0.382463,0.261969
tnx_close_change_3m,5,highest,1108,0.325,1.447,0.571,0.008558,0.026027,0.028595,-0.045243,0.367329,0.222924
dxy_close_change_1m,1,lowest,1115,-7.900002,-1.470001,-2.309998,0.009771,0.03268,0.030897,-0.04243,0.392922,0.208259
dxy_close_change_1m,2,q2,1116,-1.470001,-0.419998,-0.93,0.013243,0.029839,0.024023,-0.04277,0.396552,0.234767
dxy_close_change_1m,3,q3,1116,-0.419998,0.5,0.040001,0.01019,0.028431,0.023013,-0.04563,0.367568,0.236559
dxy_close_change_1m,4,q4,1116,0.5,1.589996,0.995003,0.009468,0.034699,0.033058,-0.043789,0.404178,0.219534
dxy_close_change_1m,5,highest,1116,1.589996,9.980003,2.519997,0.009806,0.034655,0.027714,-0.046102,0.368756,0.227599
dxy_close_change_3m,1,lowest,1107,-11.07,-2.669998,-4.150002,0.009011,0.03246,0.028172,-0.040163,0.397099,0.187895
dxy_close_change_3m,2,q2,1107,-2.669998,-0.660004,-1.459999,0.012003,0.038841,0.026218,-0.042419,0.402778,0.222423
dxy_close_change_3m,3,q3,1108,-0.660004,0.780006,0.074997,0.012302,0.023616,0.02177,-0.046762,0.351327,0.221119
dxy_close_change_3m,4,q4,1107,0.780006,2.769997,1.629997,0.012144,0.031742,0.032694,-0.04291,0.381651,0.225836
dxy_close_change_3m,5,highest,1108,2.769997,13.790001,4.57,0.007508,0.036594,0.031889,-0.047221,0.411552,0.25722
vix_close_change_1m,1,lowest,1115,-41.850002,-3.15,-5.499999,0.00837,0.026429,0.024711,-0.04251,0.339964,0.233393
vix_close_change_1m,2,q2,1116,-3.15,-1.01,-1.914999,0.012283,0.028385,0.028887,-0.040273,0.378136,0.21147
vix_close_change_1m,3,q3,1116,-1.01,0.459999,-0.289999,0.009975,0.031234,0.032375,-0.043238,0.421763,0.207885
vix_close_change_1m,4,q4,1116,0.459999,2.77,1.42,0.0097,0.03556,0.02397,-0.04472,0.394545,0.21595
vix_close_change_1m,5,highest,1116,2.77,68.540003,5.179999,0.01215,0.038871,0.028966,-0.049981,0.395564,0.258065
vix_close_change_3m,1,lowest,1107,-48.290001,-4.389999,-7.309999,0.008548,0.032167,0.033142,-0.043438,0.415231,0.245709
vix_close_change_3m,2,q2,1107,-4.389999,-1.559999,-2.809999,0.00885,0.028272,0.02685,-0.044526,0.388738,0.230352
vix_close_change_3m,3,q3,1108,-1.55,0.41,-0.59,0.011683,0.033613,0.03083,-0.040986,0.386715,0.181408
vix_close_change_3m,4,q4,1107,0.41,3.57,1.77,0.0101,0.028787,0.019343,-0.042898,0.353156,0.207052
vix_close_change_3m,5,highest,1108,3.57,68.750003,7.675001,0.0138,0.040535,0.03098,-0.047632,0.400742,0.25
t10y2y_value_change_1m,1,lowest,1115,-0.99,-0.13,-0.2,0.007926,0.019759,0.017914,-0.044352,0.290761,0.224215
t10y2y_value_change_1m,2,q2,1116,-0.13,-0.05,-0.08,0.009186,0.032807,0.031509,-0.041504,0.419945,0.198029
t10y2y_value_change_1m,3,q3,1116,-0.05,0.02,-0.02,0.012366,0.036902,0.032954,-0.039994,0.418414,0.203405
t10y2y_value_change_1m,4,q4,1116,0.02,0.11,0.06,0.010567,0.03591,0.035152,-0.045525,0.424955,0.227803
t10y2y_value_change_1m,5,highest,1116,0.11,0.81,0.2,0.012427,0.034896,0.027901,-0.049351,0.376344,0.273297
t10y2y_value_change_3m,1,lowest,1107,-1.16,-0.26,-0.4,0.007162,0.018903,0.017797,-0.046023,0.312556,0.222222
t10y2y_value_change_3m,2,q2,1107,-0.26,-0.12,-0.18,0.005231,0.021291,0.013987,-0.044043,0.292818,0.228546
t10y2y_value_change_3m,3,q3,1108,-0.12,0.02,-0.05,0.014199,0.037332,0.042875,-0.03903,0.437956,0.195122
t10y2y_value_change_3m,4,q4,1107,0.02,0.21,0.11,0.015084,0.041882,0.041523,-0.044594,0.47037,0.224029
t10y2y_value_change_3m,5,highest,1108,0.21,1.2,0.38,0.011173,0.043904,0.03547,-0.04579,0.431674,0.244585
t10yie_value_change_1m,1,lowest,1115,-1.15,-0.1,-0.17,0.011422,0.041822,0.039309,-0.048354,0.433573,0.243049
t10yie_value_change_1m,2,q2,1116,-0.1,-0.02,-0.06,0.011046,0.043248,0.040128,-0.039216,0.446963,0.186547
t10yie_value_change_1m,3,q3,1116,-0.02,0.03,0.01,0.010899,0.030445,0.027806,-0.042785,0.4,0.205197
t10yie_value_change_1m,4,q4,1116,0.03,0.11,0.07,0.010849,0.027658,0.023326,-0.043355,0.370745,0.22491
t10yie_value_change_1m,5,highest,1116,0.11,1.05,0.17,0.008277,0.017059,0.013094,-0.047015,0.278777,0.267025
t10yie_value_change_3m,1,lowest,1107,-2.14,-0.18,-0.29,0.01424,0.043086,0.042137,-0.043967,0.434508,0.217706
t10yie_value_change_3m,2,q2,1107,-0.18,-0.04,-0.1,0.017859,0.048886,0.041335,-0.035786,0.456188,0.151762
t10yie_value_change_3m,3,q3,1108,-0.04,0.07,0.02,0.008616,0.02606,0.021582,-0.045254,0.358473,0.224932
t10yie_value_change_3m,4,q4,1107,0.07,0.18,0.12,0.009804,0.027843,0.023886,-0.046194,0.375696,0.253839
t10yie_value_change_3m,5,highest,1108,0.18,1.31,0.31,0.002407,0.01705,0.013499,-0.048277,0.318592,0.266245
cpiaucsl_value_change_1m,1,lowest,1115,-5.597,0.05,-0.121,0.013317,0.038525,0.03461,-0.044968,0.42922,0.216338
cpiaucsl_value_change_1m,2,q2,1116,0.05,0.406,0.226,0.004947,0.032087,0.025722,-0.04505,0.365591,0.237455
cpiaucsl_value_change_1m,3,q3,1116,0.406,0.643,0.535,0.009155,0.014114,0.015845,-0.049809,0.307414,0.27957
cpiaucsl_value_change_1m,4,q4,1116,0.643,0.968,0.761,0.008476,0.041212,0.029554,-0.037855,0.384335,0.196237
cpiaucsl_value_change_1m,5,highest,1116,0.981,5.131,1.31,0.016669,0.034452,0.038105,-0.043043,0.444241,0.197133
cpiaucsl_value_change_3m,1,lowest,1107,-7.479,0.6,-0.081,0.011833,0.041029,0.039755,-0.044732,0.426378,0.209575
cpiaucsl_value_change_3m,2,q2,1107,0.6,1.331,1.061,0.009824,0.022913,0.020805,-0.042456,0.360434,0.241192
cpiaucsl_value_change_3m,3,q3,1108,1.331,1.853,1.584,0.010427,0.025045,0.024292,-0.045715,0.34296,0.259928
cpiaucsl_value_change_3m,4,q4,1107,1.853,2.521,2.193,0.006865,0.035999,0.02654,-0.043,0.381481,0.186992
cpiaucsl_value_change_3m,5,highest,1108,2.521,8.755,3.33,0.014051,0.038522,0.035217,-0.043576,0.434701,0.216802
pcepi_value_change_1m,1,lowest,1115,-1.553,0.037,-0.015,0.010505,0.031476,0.029025,-0.049223,0.391505,0.258528
pcepi_value_change_1m,2,q2,1116,0.037,0.138,0.088,0.007492,0.034133,0.02602,-0.041971,0.378136,0.198925
pcepi_value_change_1m,3,q3,1116,0.138,0.212,0.177,0.006938,0.019453,0.021536,-0.046748,0.328853,0.258065
pcepi_value_change_1m,4,q4,1116,0.212,0.339,0.281,0.015765,0.040807,0.027638,-0.035576,0.383513,0.175627
pcepi_value_change_1m,5,highest,1116,0.339,1.664,0.441,0.011785,0.034455,0.038995,-0.047216,0.44977,0.235663
pcepi_value_change_3m,1,lowest,1107,-2.149,0.247,0.019,0.010556,0.038494,0.033142,-0.045414,0.406504,0.213189
pcepi_value_change_3m,2,q2,1107,0.247,0.453,0.358,0.008409,0.02265,0.026371,-0.044557,0.371274,0.242096
pcepi_value_change_3m,3,q3,1108,0.453,0.642,0.542,0.011136,0.020763,0.020991,-0.043352,0.331512,0.248419
pcepi_value_change_3m,4,q4,1107,0.642,0.886,0.743,0.006853,0.041151,0.027765,-0.041716,0.390783,0.190605
pcepi_value_change_3m,5,highest,1108,0.886,2.969,1.242,0.015945,0.040462,0.036775,-0.044443,0.445682,0.220217
rrpontsyd_value_change_1m,1,lowest,1115,-515.454,-7.951,-61.195,0.012235,0.046213,0.03561,-0.032901,0.41569,0.123767
rrpontsyd_value_change_1m,2,q2,1116,-7.863,0,-0.021,0.0093,0.040776,0.034272,-0.038533,0.418843,0.181166
rrpontsyd_value_change_1m,3,q3,1115,0,0,0,0.022011,0.049882,0.046298,-0.048337,0.478924,0.235874
rrpontsyd_value_change_1m,4,q4,1116,0,8.678,0.0135,0.003136,0.008094,0.004738,-0.057119,0.313743,0.346774
rrpontsyd_value_change_1m,5,highest,1116,8.785,543.954,55.2235,0.005764,0.015545,0.012948,-0.043827,0.303684,0.239247
rrpontsyd_value_change_3m,1,lowest,1107,-907.191,-22.776,-82.566,0.019549,0.051237,0.042871,-0.030078,0.462443,0.099368
rrpontsyd_value_change_3m,2,q2,1107,-22.594,0,-0.93,0.009789,0.03032,0.026573,-0.041193,0.38381,0.209765
rrpontsyd_value_change_3m,3,q3,1107,0,0,0,0.020559,0.05058,0.046369,-0.04391,0.468835,0.198735
rrpontsyd_value_change_3m,4,q4,1107,0,12.117,0.366,0.000537,0.015145,0.017972,-0.056875,0.351449,0.338753
rrpontsyd_value_change_3m,5,highest,1108,12.227,862.234,74.4685,0.002545,0.015877,0.006948,-0.047371,0.278229,0.267148
payems_value_change_1m,1,lowest,1115,-20469,39,-95,0.017647,0.056709,0.052019,-0.049712,0.512465,0.264811
payems_value_change_1m,2,q2,1116,39,134,88,0.018842,0.05947,0.049326,-0.031309,0.495512,0.101254
payems_value_change_1m,3,q3,1116,134,207,169,0.007042,0.013656,0.023696,-0.049558,0.331187,0.276882
payems_value_change_1m,4,q4,1116,207,285,235,0.003887,0.021319,0.015125,-0.042761,0.328853,0.201613
payems_value_change_1m,5,highest,1116,285,7245,366,0.005132,0.009421,-0.001401,-0.047395,0.264337,0.282258
payems_value_change_3m,1,lowest,1107,-21605,216,-259,0.023885,0.075542,0.075785,-0.045968,0.601533,0.24141
payems_value_change_3m,2,q2,1107,216,453,352,0.01982,0.054446,0.053226,-0.029776,0.514905,0.104788
payems_value_change_3m,3,q3,1108,453,579,534,0.006667,0.022695,0.016613,-0.041138,0.307762,0.183213
payems_value_change_3m,4,q4,1107,579,761,650,-0.003836,0.006289,0.001062,-0.054941,0.261969,0.30804
payems_value_change_3m,5,highest,1108,761,8829,908,0.006661,0.006736,0.000224,-0.04766,0.270758,0.277076
m2sl_value_change_1m,1,lowest,1115,-332.5,17.4,0,0.007451,0.033443,0.030451,-0.041371,0.368421,0.181329
m2sl_value_change_1m,2,q2,1116,17.4,37.6,29.1,0.010412,0.032932,0.034725,-0.049452,0.43638,0.267025
m2sl_value_change_1m,3,q3,1116,37.6,58.3,47.8,0.004399,0.015673,0.012201,-0.047913,0.285842,0.281362
m2sl_value_change_1m,4,q4,1116,58.3,82,68.2,0.01116,0.036789,0.028915,-0.042018,0.414875,0.187276
m2sl_value_change_1m,5,highest,1116,82,1119,130.6,0.019003,0.041747,0.038822,-0.039965,0.424885,0.209677
m2sl_value_change_3m,1,lowest,1107,-529.5,80.6,30,0.010431,0.036589,0.039512,-0.044977,0.442638,0.202349
m2sl_value_change_3m,2,q2,1107,80.6,121.4,102.1,0.007604,0.037465,0.034006,-0.044236,0.404697,0.215899
m2sl_value_change_3m,3,q3,1108,121.4,174.1,145.8,0.006427,0.010177,0.008633,-0.045531,0.262635,0.259928
m2sl_value_change_3m,4,q4,1107,174.1,240.2,203.1,0.014962,0.046044,0.038474,-0.04283,0.451702,0.216094
m2sl_value_change_3m,5,highest,1108,240.2,2505.8,369.4,0.013584,0.033244,0.028408,-0.041907,0.384038,0.220217
central_bank_gold_reserves_top15_tonnes_change_1m,1,lowest,1115,-114.912603,-10.170845,-24.803,0.013404,0.0375,0.026066,-0.045867,0.390135,0.210762
central_bank_gold_reserves_top15_tonnes_change_1m,2,q2,1116,-10.170845,3.048143,-2.523296,0.014847,0.048023,0.04095,-0.045065,0.450142,0.237668
central_bank_gold_reserves_top15_tonnes_change_1m,3,q3,1116,3.048143,17.448764,9.113604,0.01061,0.028463,0.02637,-0.043473,0.387097,0.246416
central_bank_gold_reserves_top15_tonnes_change_1m,4,q4,1116,17.448764,35.271322,25.671394,0.005944,0.010362,0.01011,-0.045551,0.257168,0.263441
central_bank_gold_reserves_top15_tonnes_change_1m,5,highest,1116,35.271322,638.369669,47.526149,0.007765,0.036832,0.041895,-0.040771,0.448925,0.168459
central_bank_gold_reserves_top15_tonnes_change_3m,1,lowest,1107,-194.341557,-31.028177,-69.16994,0.015347,0.042543,0.040517,-0.04535,0.444444,0.206865
central_bank_gold_reserves_top15_tonnes_change_3m,2,q2,1107,-31.028177,27.033989,3.469421,0.012835,0.04842,0.030349,-0.046704,0.445402,0.240506
central_bank_gold_reserves_top15_tonnes_change_3m,3,q3,1108,27.033989,58.882833,43.919941,0.00255,0.015097,0.014993,-0.048053,0.308664,0.288809
central_bank_gold_reserves_top15_tonnes_change_3m,4,q4,1107,58.882833,98.072523,72.256851,0.013214,0.024846,0.01795,-0.038158,0.32701,0.190605
central_bank_gold_reserves_top15_tonnes_change_3m,5,highest,1108,98.072523,731.506998,133.708641,0.009043,0.033242,0.040681,-0.041219,0.422383,0.187726
